ID,EnterDate,Position,EnterPrice,EnterSignal,ExitDate,ExitPrice,ExitSignal
1,2015-08-18,Long,41.3464,Semi-Long,2015-08-19,41.2935,Semi-Short
2,2015-08-20,Long,40.6667,Semi-Long,2015-08-21,39.9870,Semi-Short
3,2015-08-24,Long,35.7059,Semi-Long,2015-08-25,37.5772,Short
4,2015-08-26,Long,37.0829,Semi-Long,2015-08-27,38.1598,Semi-Short
5,2015-08-28,Long,38.3099,Semi-Long,2015-08-31,38.4511,Semi-Short
6,2015-09-01,Long,37.2241,Semi-Long,2015-09-02,37.3919,Semi-Short
7,2015-09-03,Long,38.3187,Semi-Long,2015-09-04,37.7891,Semi-Short
8,2015-09-08,Long,38.2216,Semi-Long,2015-09-09,39.0249,Semi-Short
9,2015-09-10,Long,38.0627,Semi-Long,2015-09-11,38.0804,Semi-Short
10,2015-09-14,Long,38.3364,Semi-Long,2015-09-15,38.1245,Semi-Short
11,2015-09-16,Long,38.8130,Semi-Long,2015-09-17,39.0955,Semi-Short
12,2015-09-18,Long,38.3981,Semi-Long,2015-09-21,38.5041,Semi-Short
13,2015-09-22,Long,38.2922,Semi-Long,2015-09-23,38.7777,Semi-Short
14,2015-09-24,Long,38.3540,Semi-Long,2015-09-25,39.2632,Semi-Short
15,2015-09-28,Long,38.6894,Long,2015-09-29,38.2834,Semi-Short
16,2015-09-30,Long,38.7336,Semi-Long,2015-10-01,39.5015,Semi-Short
17,2015-10-02,Long,39.0778,Semi-Long,2015-10-05,40.3843,Semi-Short
18,2015-10-06,Long,40.8962,Semi-Long,2015-10-07,41.5759,Semi-Short
19,2015-10-08,Long,41.0993,Semi-Long,2015-10-09,41.8849,Semi-Short
20,2015-10-12,Long,41.4700,Semi-Long,2015-10-13,41.0993,Semi-Short
21,2015-10-14,Long,41.1787,Semi-Long,2015-10-15,41.4965,Semi-Short
22,2015-10-16,Long,41.5053,Semi-Long,2015-10-19,41.8584,Semi-Short
23,2015-10-20,Long,41.8761,Semi-Long,2015-10-21,42.2998,Semi-Short
24,2015-10-22,Long,41.9555,Semi-Long,2015-10-23,46.1661,Semi-Short
25,2015-10-26,Long,46.3691,Semi-Long,2015-10-27,47.6578,Semi-Short
26,2015-10-28,Long,47.2606,Semi-Long,2015-10-29,47.2606,Semi-Short
27,2015-10-30,Long,47.0664,Semi-Long,2015-11-02,46.6515,Semi-Short
28,2015-11-03,Long,46.7222,Semi-Long,2015-11-04,47.8255,Semi-Short
29,2015-11-05,Long,48.0992,Semi-Long,2015-11-06,47.7461,Semi-Short
30,2015-11-09,Long,48.1522,Semi-Long,2015-11-10,47.7285,Semi-Short
31,2015-11-11,Long,47.4018,Semi-Long,2015-11-12,47.2077,Semi-Short
32,2015-11-13,Long,46.8457,Semi-Long,2015-11-16,46.8546,Semi-Short
33,2015-11-17,Long,47.2504,Semi-Long,2015-11-18,47.0993,Semi-Short
34,2015-11-19,Long,47.9791,Semi-Long,2015-11-20,48.2101,Semi-Short
35,2015-11-23,Long,48.2101,Semi-Long,2015-11-24,47.9169,Semi-Short
36,2015-11-25,Long,48.0679,Semi-Long,2015-11-27,47.8102,Semi-Short
37,2015-11-30,Long,48.4678,Semi-Long,2015-12-01,48.3523,Semi-Short
38,2015-12-02,Long,49.1610,Semi-Long,2015-12-03,49.3121,Semi-Short
39,2015-12-04,Long,48.0946,Semi-Long,2015-12-07,49.5787,Semi-Short
40,2015-12-08,Long,49.2943,Semi-Long,2015-12-09,49.2054,Semi-Short
41,2015-12-10,Long,49.2232,Semi-Long,2015-12-11,48.6189,Semi-Short
42,2015-12-14,Long,48.2812,Semi-Long,2015-12-15,49.4631,Semi-Short
43,2015-12-16,Long,49.3565,Semi-Long,2015-12-17,50.0852,Semi-Short
44,2015-12-18,Long,49.5609,Semi-Long,2015-12-21,48.7700,Semi-Short
45,2015-12-22,Long,48.8677,Semi-Long,2015-12-23,49.4987,Semi-Short
46,2015-12-24,Long,49.6409,Semi-Long,2015-12-28,49.1877,Semi-Short
47,2015-12-29,Long,50.0230,Semi-Long,2015-12-30,50.1830,Semi-Short
48,2015-12-31,Long,49.8008,Semi-Long,2016-01-04,48.2723,Semi-Short
49,2016-01-05,Long,48.8144,Semi-Long,2016-01-06,48.2723,Semi-Short
50,2016-01-07,Long,46.8327,Semi-Long,2016-01-08,46.5394,Semi-Short
51,2016-01-11,Short,46.6638,Short,2016-01-12,46.8860,Semi-Long
52,2016-01-13,Long,47.8102,Semi-Long,2016-01-14,46.2106,Semi-Short
53,2016-01-15,Long,45.5974,Semi-Long,2016-01-19,45.7485,Semi-Short
54,2016-01-20,Long,44.4155,Semi-Long,2016-01-21,45.3220,Semi-Short
55,2016-01-22,Long,45.6863,Semi-Long,2016-01-25,46.1573,Semi-Short
56,2016-01-26,Long,46.0240,Semi-Long,2016-01-27,46.2195,Semi-Short
57,2016-01-28,Long,46.0862,Semi-Long,2016-01-29,48.6367,Semi-Short
58,2016-02-01,Long,48.7700,Semi-Long,2016-02-02,48.1390,Semi-Short
59,2016-02-03,Long,47.3215,Semi-Long,2016-02-04,46.2995,Semi-Short
60,2016-02-05,Long,46.1573,Semi-Long,2016-02-08,44.0334,Semi-Short
61,2016-02-09,Long,43.5624,Semi-Long,2016-02-10,44.3355,Semi-Short
62,2016-02-11,Long,43.2603,Semi-Long,2016-02-12,44.6555,Semi-Short
63,2016-02-16,Long,45.5578,Semi-Long,2016-02-17,46.0859,Semi-Short
64,2016-02-18,Long,46.8378,Semi-Long,2016-02-19,46.5156,Semi-Short
65,2016-02-22,Long,46.7930,Semi-Long,2016-02-23,46.8467,Semi-Short
66,2016-02-24,Long,45.3699,Semi-Long,2016-02-25,46.3007,Semi-Short
67,2016-02-26,Long,47.0794,Long,2016-02-29,45.9606,Semi-Short
68,2016-03-01,Long,45.6205,Semi-Long,2016-03-02,46.9094,Semi-Short
69,2016-03-03,Long,47.4106,Semi-Long,2016-03-04,46.9004,Semi-Short
70,2016-03-07,Long,46.1486,Semi-Long,2016-03-08,45.4684,Semi-Short
71,2016-03-09,Long,46.4439,Semi-Long,2016-03-10,47.3748,Semi-Short
72,2016-03-11,Long,47.4375,Semi-Long,2016-03-14,47.1779,Semi-Short
73,2016-03-15,Long,47.2137,Semi-Long,2016-03-16,47.8402,Semi-Short
74,2016-03-17,Long,48.5205,Semi-Long,2016-03-18,49.1559,Semi-Short
75,2016-03-21,Long,47.6612,Semi-Long,2016-03-22,47.9834,Semi-Short
76,2016-03-23,Long,48.4310,Semi-Long,2016-03-24,48.1893,Semi-Short
77,2016-03-28,Long,48.5205,Semi-Long,2016-03-29,48.0282,Semi-Short
78,2016-03-30,Long,49.1649,Semi-Long,2016-03-31,49.1828,Semi-Short
79,2016-04-01,Long,49.2723,Semi-Long,2016-04-04,49.6124,Semi-Short
80,2016-04-05,Long,49.3976,Semi-Long,2016-04-06,48.6547,Semi-Short
81,2016-04-07,Long,49.1112,Semi-Long,2016-04-08,48.9322,Semi-Short
82,2016-04-11,Long,48.7711,Semi-Long,2016-04-12,48.6637,Semi-Short
83,2016-04-13,Long,49.3350,Semi-Long,2016-04-14,49.4245,Semi-Short
84,2016-04-15,Long,49.4961,Semi-Long,2016-04-18,49.6661,Semi-Short
85,2016-04-19,Long,50.6865,Semi-Long,2016-04-20,50.3822,Semi-Short
86,2016-04-21,Long,49.9436,Semi-Long,2016-04-22,46.4619,Semi-Short
87,2016-04-25,Long,46.3455,Semi-Long,2016-04-26,46.7751,Semi-Short
88,2016-04-27,Long,46.0770,Semi-Long,2016-04-28,45.3073,Short
89,2016-04-29,Long,44.1705,Semi-Long,2016-05-02,44.7523,Semi-Short
90,2016-05-03,Long,45.0566,Semi-Long,2016-05-04,44.6091,Semi-Short
91,2016-05-05,Long,44.6360,Semi-Long,2016-05-06,44.6807,Semi-Short
92,2016-05-09,Long,45.1909,Semi-Long,2016-05-10,45.0477,Semi-Short
93,2016-05-11,Long,45.7637,Semi-Long,2016-05-12,45.8264,Semi-Short
94,2016-05-13,Long,46.0412,Semi-Long,2016-05-16,45.4684,Semi-Short
95,2016-05-17,Long,46.6156,Semi-Long,2016-05-18,45.4980,Semi-Short
96,2016-05-19,Long,45.4889,Semi-Long,2016-05-20,45.4980,Semi-Short
97,2016-05-23,Long,45.6061,Semi-Long,2016-05-24,45.6962,Semi-Short
98,2016-05-25,Long,46.7958,Semi-Long,2016-05-26,46.8048,Semi-Short
99,2016-05-27,Long,46.7958,Semi-Long,2016-05-31,47.1023,Semi-Short
100,2016-06-01,Long,47.2645,Long,2016-06-02,47.4448,Semi-Short
101,2016-06-03,Long,47.2104,Semi-Long,2016-06-06,46.8589,Semi-Short
102,2016-06-07,Long,47.0843,Semi-Long,2016-06-08,46.8860,Semi-Short
103,2016-06-09,Long,46.8679,Semi-Long,2016-06-10,46.0117,Semi-Short
104,2016-06-13,Long,44.6868,Semi-Long,2016-06-14,44.9752,Semi-Short
105,2016-06-15,Long,44.8670,Semi-Long,2016-06-16,44.6327,Semi-Short
106,2016-06-17,Short,45.4349,Short,2016-06-20,45.6422,Semi-Long
107,2016-06-21,Long,45.2456,Semi-Long,2016-06-22,46.0387,Semi-Short
108,2016-06-23,Long,46.2190,Semi-Long,2016-06-24,44.8941,Semi-Short
109,2016-06-27,Long,44.2542,Semi-Long,2016-06-28,44.0919,Semi-Short
110,2016-06-29,Long,44.9842,Semi-Long,2016-06-30,45.7143,Semi-Short
111,2016-07-01,Long,46.0838,Semi-Long,2016-07-05,45.8134,Semi-Short
112,2016-07-06,Long,45.7684,Semi-Long,2016-07-07,46.3452,Semi-Short
113,2016-07-08,Long,46.6246,Semi-Long,2016-07-11,47.3186,Semi-Short
114,2016-07-12,Long,47.7152,Semi-Long,2016-07-14,48.5263,Semi-Short
115,2016-07-15,Long,48.6255,Semi-Long,2016-07-18,48.4002,Semi-Short
116,2016-07-19,Long,48.4092,Semi-Long,2016-07-20,50.6084,Semi-Short
117,2016-07-21,Long,50.4551,Semi-Long,2016-07-22,50.5453,Semi-Short
118,2016-07-25,Long,50.8968,Semi-Long,2016-07-26,50.9418,Semi-Short
119,2016-07-27,Long,51.0230,Semi-Long,2016-07-28,50.4732,Semi-Short
120,2016-07-29,Long,50.7075,Semi-Long,2016-08-01,51.0140,Semi-Short
121,2016-08-02,Long,51.2393,Semi-Long,2016-08-03,51.0861,Semi-Short
122,2016-08-04,Long,51.1942,Semi-Long,2016-08-05,51.9603,Semi-Short
123,2016-08-08,Long,52.3299,Semi-Long,2016-08-09,52.4290,Semi-Short
124,2016-08-10,Long,52.4200,Semi-Long,2016-08-11,52.3028,Semi-Short
125,2016-08-12,Long,52.3028,Semi-Long,2016-08-15,52.2848,Semi-Short
126,2016-08-16,Long,52.2479,Semi-Long,2016-08-17,52.1844,Semi-Short
127,2016-08-18,Long,52.0756,Semi-Long,2016-08-19,52.0847,Semi-Short
128,2016-08-22,Long,52.2388,Semi-Long,2016-08-23,52.5109,Semi-Short
129,2016-08-24,Long,52.4202,Semi-Long,2016-08-25,52.4928,Semi-Short
130,2016-08-26,Long,52.8555,Semi-Long,2016-08-29,52.7648,Semi-Short
131,2016-08-30,Long,52.5835,Semi-Long,2016-08-31,52.2842,Semi-Short
132,2016-09-01,Long,51.7037,Semi-Long,2016-09-02,52.3023,Semi-Short
133,2016-09-06,Long,52.4021,Semi-Long,2016-09-07,52.1209,Semi-Short
134,2016-09-08,Long,52.2660,Semi-Long,2016-09-09,51.5042,Semi-Short
135,2016-09-12,Long,50.7878,Semi-Long,2016-09-13,51.2412,Short
136,2016-09-14,Long,51.1415,Semi-Long,2016-09-15,50.9238,Semi-Short
137,2016-09-16,Long,52.2660,Semi-Long,2016-09-19,51.9395,Semi-Short
138,2016-09-20,Long,52.0121,Semi-Long,2016-09-21,52.1572,Semi-Short
139,2016-09-22,Long,52.5290,Semi-Long,2016-09-23,52.4837,Semi-Short
140,2016-09-26,Long,51.7672,Semi-Long,2016-09-27,51.6312,Semi-Short
141,2016-09-28,Long,52.4928,Semi-Long,2016-09-29,52.4293,Semi-Short
142,2016-09-30,Long,52.2116,Semi-Long,2016-10-04,51.9396,Semi-Short
143,2016-10-05,Long,51.9577,Semi-Long,2016-10-06,52.3658,Semi-Short
144,2016-10-07,Long,52.4656,Semi-Long,2016-10-10,52.5200,Semi-Short
145,2016-10-11,Long,52.5018,Semi-Long,2016-10-12,51.7944,Semi-Short
146,2016-10-13,Long,51.4226,Semi-Long,2016-10-14,51.8035,Semi-Short
147,2016-10-17,Long,52.0212,Semi-Long,2016-10-18,52.1753,Semi-Short
148,2016-10-19,Long,52.1209,Semi-Long,2016-10-20,52.1481,Semi-Short
149,2016-10-21,Long,54.6694,Semi-Long,2016-10-24,54.3610,Semi-Short
150,2016-10-25,Long,55.1863,Semi-Long,2016-10-26,55.1500,Semi-Short
151,2016-10-27,Long,54.9687,Semi-Long,2016-10-28,54.4245,Semi-Short
152,2016-10-31,Long,54.5606,Semi-Long,2016-11-01,54.3882,Semi-Short
153,2016-11-02,Long,54.2522,Semi-Long,2016-11-03,53.9892,Semi-Short
154,2016-11-04,Long,53.1911,Semi-Long,2016-11-07,54.2159,Semi-Short
155,2016-11-08,Long,54.9143,Semi-Long,2016-11-09,54.4155,Semi-Short
156,2016-11-10,Long,54.8508,Semi-Long,2016-11-11,52.8102,Semi-Short
157,2016-11-14,Long,53.5267,Semi-Long,2016-11-15,53.2583,Semi-Short
158,2016-11-16,Long,53.8152,Semi-Long,2016-11-17,55.1574,Semi-Short
159,2016-11-18,Long,55.4952,Semi-Long,2016-11-21,55.2396,Semi-Short
160,2016-11-22,Long,55.6778,Semi-Long,2016-11-23,55.7052,Semi-Short
161,2016-11-25,Long,55.0570,Semi-Long,2016-11-28,55.0935,Semi-Short
162,2016-11-29,Long,55.3765,Semi-Long,2016-11-30,55.5683,Semi-Short
163,2016-12-01,Long,54.8835,Semi-Long,2016-12-02,53.9430,Semi-Short
164,2016-12-05,Long,54.5091,Semi-Long,2016-12-06,55.1757,Semi-Short
165,2016-12-07,Long,54.7922,Semi-Long,2016-12-08,55.9700,Semi-Short
166,2016-12-09,Long,55.8605,Semi-Long,2016-12-12,56.4448,Semi-Short
167,2016-12-13,Long,57.0657,Semi-Long,2016-12-14,57.5222,Semi-Short
168,2016-12-15,Long,57.2483,Semi-Long,2016-12-16,57.4766,Semi-Short
169,2016-12-19,Long,57.1205,Semi-Long,2016-12-20,58.1522,Semi-Short
170,2016-12-21,Long,57.9148,Semi-Long,2016-12-22,58.2892,Semi-Short
171,2016-12-23,Long,57.9331,Semi-Long,2016-12-27,57.7140,Semi-Short
172,2016-12-28,Long,57.8874,Semi-Long,2016-12-29,57.3944,Semi-Short
173,2016-12-30,Long,57.4857,Semi-Long,2017-01-03,57.3305,Semi-Short
174,2017-01-04,Long,57.0474,Semi-Long,2017-01-05,56.7826,Semi-Short
175,2017-01-06,Long,56.8831,Semi-Long,2017-01-09,57.3031,Semi-Short
176,2017-01-10,Long,57.2757,Semi-Long,2017-01-11,57.1661,Semi-Short
177,2017-01-12,Long,57.5770,Semi-Long,2017-01-13,57.1752,Semi-Short
178,2017-01-17,Long,57.2300,Semi-Long,2017-01-18,57.2209,Semi-Short
179,2017-01-19,Long,56.8283,Semi-Long,2017-01-20,57.2209,Semi-Short
180,2017-01-23,Long,57.2483,Semi-Long,2017-01-24,57.7048,Short
181,2017-01-25,Long,58.3896,Semi-Long,2017-01-27,59.7044,Semi-Short
182,2017-01-30,Long,59.9783,Semi-Long,2017-01-31,59.2205,Semi-Short
183,2017-02-01,Long,58.7640,Semi-Long,2017-02-02,57.7505,Semi-Short
184,2017-02-03,Long,57.9787,Semi-Long,2017-02-06,57.9787,Semi-Short
185,2017-02-07,Long,58.1979,Semi-Long,2017-02-08,58.0426,Semi-Short
186,2017-02-09,Long,57.9970,Semi-Long,2017-02-10,58.6635,Semi-Short
187,2017-02-13,Long,58.6544,Semi-Long,2017-02-14,59.1661,Semi-Short
188,2017-02-15,Long,59.2488,Semi-Long,2017-02-16,59.4693,Semi-Short
189,2017-02-17,Long,59.2213,Semi-Long,2017-02-21,59.3499,Semi-Short
190,2017-02-22,Long,59.0927,Semi-Long,2017-02-23,59.1753,Semi-Short
191,2017-02-24,Long,59.2764,Semi-Long,2017-02-27,59.2856,Semi-Short
192,2017-02-28,Long,58.8630,Semi-Long,2017-03-01,58.9089,Semi-Short
193,2017-03-02,Long,59.4233,Semi-Long,2017-03-03,58.7803,Semi-Short
194,2017-03-06,Long,58.7620,Semi-Long,2017-03-07,58.9641,Semi-Short
195,2017-03-08,Long,59.0283,Semi-Long,2017-03-09,59.8826,Semi-Short
196,2017-03-10,Long,59.8092,Semi-Long,2017-03-13,59.7173,Semi-Short
197,2017-03-14,Long,59.2764,Semi-Long,2017-03-15,59.2947,Semi-Short
198,2017-03-16,Long,59.4785,Semi-Long,2017-03-17,59.6254,Semi-Short
199,2017-03-20,Long,59.6254,Semi-Long,2017-03-21,59.8826,Semi-Short
200,2017-03-22,Long,58.8998,Semi-Long,2017-03-23,59.6530,Semi-Short
201,2017-03-24,Long,60.0388,Semi-Long,2017-03-27,59.3682,Semi-Short
202,2017-03-28,Long,59.6714,Semi-Long,2017-03-29,59.8183,Semi-Short
203,2017-03-30,Long,60.0939,Semi-Long,2017-03-31,60.3052,Semi-Short
204,2017-04-03,Long,60.4522,Semi-Long,2017-04-04,60.0664,Semi-Short
205,2017-04-05,Long,60.9023,Semi-Long,2017-04-06,60.2593,Semi-Short
206,2017-04-07,Long,60.4889,Semi-Long,2017-04-10,60.2684,Semi-Short
207,2017-04-11,Long,60.2593,Semi-Long,2017-04-12,60.0939,Semi-Short
208,2017-04-13,Long,59.9745,Semi-Long,2017-04-17,59.7449,Semi-Short
209,2017-04-18,Long,60.0112,Semi-Long,2017-04-19,60.3052,Semi-Short
210,2017-04-20,Long,60.1307,Semi-Long,2017-04-21,60.3236,Semi-Short
211,2017-04-24,Long,61.9862,Semi-Long,2017-04-25,62.3720,Semi-Short
212,2017-04-26,Long,62.5374,Semi-Long,2017-04-27,62.6017,Semi-Short
213,2017-04-28,Long,63.2998,Semi-Long,2017-05-01,63.0885,Semi-Short
214,2017-05-02,Long,64.0347,Semi-Long,2017-05-03,63.7315,Semi-Short
215,2017-05-04,Long,63.4100,Semi-Long,2017-05-05,63.2906,Semi-Short
216,2017-05-08,Long,63.3549,Semi-Long,2017-05-09,63.2538,Semi-Short
217,2017-05-10,Long,63.3733,Semi-Long,2017-05-11,62.7946,Semi-Short
218,2017-05-12,Long,63.0242,Semi-Long,2017-05-15,62.5925,Semi-Short
219,2017-05-16,Long,63.0344,Semi-Long,2017-05-17,63.6441,Semi-Short
220,2017-05-18,Long,62.2676,Semi-Long,2017-05-19,62.3600,Semi-Short
221,2017-05-22,Long,62.7203,Semi-Long,2017-05-23,63.4871,Semi-Short
222,2017-05-24,Long,63.6257,Semi-Long,2017-05-25,63.7180,Semi-Short
223,2017-05-26,Long,64.4848,Semi-Long,2017-05-30,64.4756,Semi-Short
224,2017-05-31,Long,65.1592,Semi-Long,2017-06-01,64.8913,Semi-Short
225,2017-06-02,Long,65.0761,Semi-Long,2017-06-05,66.4896,Semi-Short
226,2017-06-06,Long,66.7945,Semi-Long,2017-06-07,67.1086,Semi-Short
227,2017-06-08,Long,66.9885,Semi-Long,2017-06-09,66.5543,Semi-Short
228,2017-06-12,Long,63.9767,Semi-Long,2017-06-13,64.6881,Semi-Short
229,2017-06-14,Long,65.5103,Semi-Long,2017-06-15,63.9952,Semi-Short
230,2017-06-16,Long,64.4202,Semi-Long,2017-06-19,65.1316,Semi-Short
231,2017-06-20,Long,65.4272,Semi-Long,2017-06-21,64.8636,Semi-Short
232,2017-06-22,Long,65.1685,Semi-Long,2017-06-23,64.7528,Semi-Short
233,2017-06-26,Long,65.9630,Semi-Long,2017-06-27,64.7713,Semi-Short
234,2017-06-28,Long,63.9398,Semi-Long,2017-06-29,64.0968,Semi-Short
235,2017-06-30,Short,63.5425,Short,2017-07-03,64.0506,Semi-Long
236,2017-07-05,Long,63.0621,Semi-Long,2017-07-06,63.0713,Semi-Short
237,2017-07-07,Long,63.4686,Semi-Long,2017-07-10,64.1707,Semi-Short
238,2017-07-11,Long,64.6696,Semi-Long,2017-07-12,65.3071,Semi-Short
239,2017-07-13,Long,66.0554,Semi-Long,2017-07-14,66.7390,Semi-Short
240,2017-07-17,Long,67.2564,Semi-Long,2017-07-18,67.5243,Semi-Short
241,2017-07-19,Long,67.9031,Long,2017-07-20,68.5313,Semi-Short
242,2017-07-21,Long,67.8569,Semi-Long,2017-07-24,67.9308,Semi-Short
243,2017-07-25,Long,68.1802,Semi-Long,2017-07-26,68.6791,Semi-Short
244,2017-07-27,Long,68.1433,Semi-Long,2017-07-28,67.1363,Semi-Short
245,2017-07-31,Long,67.7183,Semi-Long,2017-08-01,67.5336,Semi-Short
246,2017-08-02,Long,67.0254,Semi-Long,2017-08-03,66.6928,Semi-Short
247,2017-08-04,Long,66.8869,Semi-Long,2017-08-07,67.2564,Semi-Short
248,2017-08-08,Long,66.6005,Semi-Long,2017-08-09,66.7483,Semi-Short
249,2017-08-10,Long,66.4249,Semi-Long,2017-08-11,66.1570,Semi-Short
250,2017-08-14,Long,67.4966,Semi-Long,2017-08-15,68.3484,Semi-Short
251,2017-08-16,Long,68.1163,Semi-Long,2017-08-17,68.3392,Semi-Short
252,2017-08-18,Long,67.1225,Semi-Long,2017-08-21,67.3082,Semi-Short
253,2017-08-22,Long,67.1968,Semi-Long,2017-08-23,67.7633,Short
254,2017-08-24,Long,67.5590,Semi-Long,2017-08-28,67.8562,Semi-Short
255,2017-08-29,Long,67.1039,Semi-Long,2017-08-30,67.8098,Semi-Short
256,2017-08-31,Long,68.7571,Semi-Long,2017-09-01,69.3887,Semi-Short
257,2017-09-05,Long,68.1163,Semi-Long,2017-09-06,68.4878,Semi-Short
258,2017-09-07,Long,68.4320,Semi-Long,2017-09-08,69.0358,Semi-Short
259,2017-09-11,Long,69.0172,Semi-Long,2017-09-12,69.4351,Semi-Short
260,2017-09-13,Long,69.5930,Semi-Long,2017-09-14,69.6580,Semi-Short
261,2017-09-15,Long,69.5001,Semi-Long,2017-09-18,69.8716,Semi-Short
262,2017-09-19,Long,69.8531,Semi-Long,2017-09-20,69.9831,Semi-Short
263,2017-09-21,Long,69.7602,Semi-Long,2017-09-22,68.7200,Semi-Short
264,2017-09-25,Long,68.8128,Semi-Long,2017-09-26,68.4227,Semi-Short
265,2017-09-27,Long,68.3113,Semi-Long,2017-09-28,68.3020,Semi-Short
266,2017-09-29,Long,68.6735,Semi-Long,2017-10-02,69.3887,Semi-Short
267,2017-10-03,Long,69.3515,Semi-Long,2017-10-04,68.8129,Semi-Short
268,2017-10-05,Short,69.8624,Short,2017-10-06,70.2803,Long
269,2017-10-09,Long,70.5589,Semi-Long,2017-10-10,70.8933,Semi-Short
270,2017-10-11,Long,70.9212,Semi-Long,2017-10-12,71.0419,Semi-Short
271,2017-10-13,Long,72.0635,Semi-Long,2017-10-16,71.9057,Semi-Short
272,2017-10-17,Long,71.9521,Semi-Long,2017-10-18,72.1379,Semi-Short
273,2017-10-19,Long,72.0450,Semi-Long,2017-10-20,72.7416,Semi-Short
274,2017-10-23,Long,73.3638,Semi-Long,2017-10-24,73.2803,Semi-Short
275,2017-10-25,Long,72.9830,Semi-Long,2017-10-26,73.5589,Semi-Short
276,2017-10-27,Long,78.3606,Semi-Long,2017-10-30,77.7384,Semi-Short
277,2017-10-31,Long,78.3514,Semi-Long,2017-11-01,77.7198,Semi-Short
278,2017-11-02,Long,77.4133,Semi-Long,2017-11-03,78.0913,Semi-Short
279,2017-11-06,Long,78.2027,Semi-Long,2017-11-07,78.7322,Semi-Short
280,2017-11-08,Long,78.1470,Semi-Long,2017-11-09,78.1192,Semi-Short
281,2017-11-10,Long,77.8220,Semi-Long,2017-11-13,77.7012,Semi-Short
282,2017-11-14,Long,77.5526,Semi-Long,2017-11-15,77.9141,Semi-Short
283,2017-11-16,Long,77.5687,Semi-Long,2017-11-17,77.5874,Semi-Short
284,2017-11-20,Long,76.9153,Semi-Long,2017-11-21,77.2327,Semi-Short
285,2017-11-22,Long,78.2501,Semi-Long,2017-11-24,77.4847,Semi-Short
286,2017-11-27,Long,77.7647,Semi-Long,2017-11-28,78.4741,Semi-Short
287,2017-11-29,Long,79.0716,Semi-Long,2017-11-30,77.9514,Semi-Short
288,2017-12-01,Long,78.0354,Semi-Long,2017-12-04,78.8008,Semi-Short
289,2017-12-05,Long,75.9259,Semi-Long,2017-12-06,76.1219,Semi-Short
290,2017-12-07,Long,77.0460,Semi-Long,2017-12-08,78.0634,Semi-Short
291,2017-12-11,Short,78.6795,Short,2017-12-12,79.6316,Long
292,2017-12-13,Long,80.0330,Semi-Long,2017-12-14,79.7436,Semi-Short
293,2017-12-15,Long,79.5849,Semi-Long,2017-12-18,81.3211,Semi-Short
294,2017-12-19,Long,80.6024,Semi-Long,2017-12-20,80.4624,Semi-Short
295,2017-12-21,Long,80.3224,Semi-Long,2017-12-22,79.7156,Semi-Short
296,2017-12-26,Long,79.6316,Semi-Long,2017-12-27,79.9490,Semi-Short
297,2017-12-28,Long,80.1823,Semi-Long,2017-12-29,79.9303,Semi-Short
298,2018-01-02,Long,80.3970,Semi-Long,2018-01-03,80.3317,Semi-Short
299,2018-01-04,Long,80.8264,Semi-Long,2018-01-05,81.8252,Semi-Short
300,2018-01-08,Long,82.3292,Semi-Long,2018-01-09,82.7493,Semi-Short
301,2018-01-10,Long,82.0119,Semi-Long,2018-01-11,82.2639,Semi-Short
302,2018-01-12,Long,82.7679,Semi-Long,2018-01-16,84.1028,Semi-Short
303,2018-01-17,Long,83.1507,Semi-Long,2018-01-18,83.8227,Semi-Short
304,2018-01-19,Long,84.1401,Semi-Long,2018-01-22,84.0094,Semi-Short
305,2018-01-23,Long,85.7830,Semi-Long,2018-01-24,86.3897,Semi-Short
306,2018-01-25,Long,86.3150,Semi-Long,2018-01-26,86.9218,Semi-Short
307,2018-01-29,Long,88.8073,Semi-Long,2018-01-30,87.0898,Semi-Short
308,2018-01-31,Long,87.5098,Semi-Long,2018-02-01,88.4806,Semi-Short
309,2018-02-02,Long,87.4071,Semi-Long,2018-02-05,84.5322,Semi-Short
310,2018-02-06,Long,81.1064,Semi-Long,2018-02-07,84.4668,Semi-Short
311,2018-02-08,Long,83.7387,Semi-Long,2018-02-09,80.5557,Semi-Short
312,2018-02-12,Long,82.8333,Semi-Long,2018-02-13,83.0107,Semi-Short
313,2018-02-14,Long,83.0067,Semi-Long,2018-02-15,85.5388,Short
314,2018-02-16,Long,86.7017,Semi-Long,2018-02-20,85.7921,Semi-Short
315,2018-02-21,Long,87.1988,Semi-Long,2018-02-22,86.3266,Semi-Short
316,2018-02-23,Long,87.7802,Semi-Long,2018-02-27,89.7872,Semi-Short
317,2018-02-28,Long,88.9431,Semi-Long,2018-03-01,88.1460,Semi-Short
318,2018-03-02,Long,85.8858,Semi-Long,2018-03-05,86.5986,Semi-Short
319,2018-03-06,Long,88.4742,Semi-Long,2018-03-07,87.3676,Semi-Short
320,2018-03-08,Long,88.4086,Semi-Long,2018-03-09,89.3651,Semi-Short
321,2018-03-12,Long,90.4999,Semi-Long,2018-03-13,90.9688,Semi-Short
322,2018-03-14,Long,89.2057,Semi-Long,2018-03-15,87.7146,Semi-Short
323,2018-03-16,Long,88.7931,Semi-Long,2018-03-19,87.9115,Semi-Short
324,2018-03-20,Long,87.2644,Semi-Long,2018-03-21,87.1519,Semi-Short
325,2018-03-22,Long,85.5951,Semi-Long,2018-03-23,83.9351,Semi-Short
326,2018-03-26,Long,84.9761,Semi-Long,2018-03-27,89.0369,Short
327,2018-03-28,Long,84.2353,Semi-Long,2018-03-29,84.5729,Semi-Short
328,2018-04-02,Long,84.8448,Semi-Long,2018-04-03,84.0102,Semi-Short
329,2018-04-04,Long,82.3878,Semi-Long,2018-04-05,86.6924,Semi-Short
330,2018-04-06,Long,85.8014,Semi-Long,2018-04-09,85.3794,Semi-Short
331,2018-04-10,Long,86.6455,Semi-Long,2018-04-11,86.2891,Semi-Short
332,2018-04-12,Long,86.6830,Semi-Long,2018-04-13,88.2022,Semi-Short
333,2018-04-16,Long,88.2210,Semi-Long,2018-04-17,89.0932,Semi-Short
334,2018-04-18,Long,90.2373,Long,2018-04-19,90.4437,Semi-Short
335,2018-04-20,Long,89.9466,Semi-Long,2018-04-23,89.7872,Semi-Short
336,2018-04-24,Long,90.2561,Semi-Long,2018-04-25,87.4989,Semi-Short
337,2018-04-26,Long,87.7333,Semi-Long,2018-04-27,91.5315,Semi-Short
338,2018-04-30,Long,90.3405,Semi-Long,2018-05-01,87.4145,Semi-Short
339,2018-05-02,Long,89.0838,Semi-Long,2018-05-03,87.1800,Semi-Short
340,2018-05-04,Long,87.5176,Semi-Long,2018-05-07,89.2526,Semi-Short
341,2018-05-08,Long,89.8903,Semi-Long,2018-05-09,90.0404,Semi-Short
342,2018-05-10,Long,91.4002,Semi-Long,2018-05-11,91.7191,Semi-Short
343,2018-05-14,Long,91.8316,Semi-Long,2018-05-15,91.1939,Semi-Short
344,2018-05-16,Long,91.7022,Semi-Long,2018-05-17,91.1371,Semi-Short
345,2018-05-18,Long,90.4307,Semi-Long,2018-05-21,91.3631,Semi-Short
346,2018-05-22,Long,92.0036,Semi-Long,2018-05-23,91.0900,Semi-Short
347,2018-05-24,Long,92.9926,Semi-Long,2018-05-25,92.5876,Semi-Short
348,2018-05-29,Long,92.1543,Semi-Long,2018-05-30,92.5970,Semi-Short
349,2018-05-31,Long,93.5200,Semi-Long,2018-06-01,93.5106,Semi-Short
350,2018-06-04,Long,95.3756,Semi-Long,2018-06-05,96.0725,Semi-Short
351,2018-06-06,Long,96.5247,Semi-Long,2018-06-07,96.6848,Semi-Short
352,2018-06-08,Long,95.2154,Semi-Long,2018-06-11,95.1401,Semi-Short
353,2018-06-12,Long,95.2249,Semi-Long,2018-06-13,95.8088,Semi-Short
354,2018-06-14,Long,95.7429,Semi-Long,2018-06-15,95.6110,Semi-Short
355,2018-06-18,Long,94.1982,Semi-Long,2018-06-19,93.8591,Semi-Short
356,2018-06-20,Long,95.4792,Semi-Long,2018-06-21,96.1479,Semi-Short
357,2018-06-22,Long,94.5750,Semi-Long,2018-06-25,94.1888,Semi-Short
358,2018-06-26,Long,93.0774,Semi-Long,2018-06-27,93.7932,Semi-Short
359,2018-06-28,Long,91.7210,Semi-Long,2018-06-29,93.1810,Semi-Short
360,2018-07-02,Short,92.3992,Short,2018-07-03,94.6409,Semi-Long
361,2018-07-05,Long,93.7178,Semi-Long,2018-07-06,94.0852,Semi-Short
362,2018-07-09,Long,95.7429,Semi-Long,2018-07-10,96.0726,Semi-Short
363,2018-07-11,Long,95.2719,Semi-Long,2018-07-12,96.7978,Semi-Short
364,2018-07-13,Long,98.3048,Long,2018-07-16,99.2750,Semi-Short
365,2018-07-17,Long,98.5309,Semi-Long,2018-07-18,99.7836,Semi-Short
366,2018-07-19,Long,98.8323,Semi-Long,2018-07-20,101.7992,Semi-Short
367,2018-07-23,Long,100.1227,Semi-Long,2018-07-24,102.2608,Semi-Short
368,2018-07-25,Long,101.6862,Semi-Long,2018-07-26,104.3046,Semi-Short
369,2018-07-27,Long,103.7772,Semi-Long,2018-07-30,100.9610,Semi-Short
370,2018-07-31,Long,100.3017,Semi-Long,2018-08-01,99.8683,Semi-Short
371,2018-08-02,Long,99.2750,Semi-Long,2018-08-03,101.5355,Semi-Short
372,2018-08-06,Long,101.8369,Semi-Long,2018-08-07,102.2513,Semi-Short
373,2018-08-08,Long,102.9766,Semi-Long,2018-08-09,103.3345,Semi-Short
374,2018-08-10,Long,103.0614,Semi-Long,2018-08-13,102.8918,Semi-Short
375,2018-08-14,Long,102.2513,Semi-Long,2018-08-15,102.5786,Semi-Short
376,2018-08-16,Long,102.3990,Semi-Long,2018-08-17,101.5102,Semi-Short
377,2018-08-20,Long,101.6520,Semi-Long,2018-08-21,101.0942,Semi-Short
378,2018-08-22,Long,100.0825,Semi-Long,2018-08-23,101.3117,Semi-Short
379,2018-08-24,Long,101.8033,Semi-Long,2018-08-27,103.3161,Semi-Short
380,2018-08-28,Long,103.9496,Semi-Long,2018-08-29,104.4318,Semi-Short
381,2018-08-30,Long,105.5854,Semi-Long,2018-08-31,105.6043,Semi-Short
382,2018-09-04,Long,104.8100,Semi-Long,2018-09-05,104.9614,Semi-Short
383,2018-09-06,Long,102.3517,Semi-Long,2018-09-07,102.3328,Semi-Short
384,2018-09-10,Long,102.9096,Semi-Long,2018-09-11,102.9663,Semi-Short
385,2018-09-12,Long,105.3584,Semi-Long,2018-09-13,106.0109,Semi-Short
386,2018-09-14,Long,107.1833,Semi-Long,2018-09-17,107.4953,Semi-Short
387,2018-09-18,Long,106.0770,Semi-Long,2018-09-19,106.8902,Semi-Short
388,2018-09-20,Long,106.1621,Semi-Long,2018-09-21,107.7884,Semi-Short
389,2018-09-24,Long,106.8713,Semi-Long,2018-09-25,108.5448,Semi-Short
390,2018-09-26,Long,108.2328,Semi-Long,2018-09-27,108.5259,Semi-Short
391,2018-09-28,Long,107.9681,Semi-Long,2018-10-01,108.4976,Semi-Short
392,2018-10-02,Long,109.0176,Semi-Long,2018-10-03,109.1310,Semi-Short
393,2018-10-04,Long,108.3652,Semi-Long,2018-10-05,106.4931,Semi-Short
394,2018-10-08,Long,105.5759,Semi-Long,2018-10-09,105.0843,Semi-Short
395,2018-10-10,Long,105.1788,Semi-Long,2018-10-11,99.6097,Semi-Short
396,2018-10-12,Short,103.0703,Short,2018-10-15,102.9758,Semi-Long
397,2018-10-16,Long,103.5714,Semi-Long,2018-10-17,105.5948,Semi-Short
398,2018-10-18,Long,104.1009,Semi-Long,2018-10-19,102.9947,Semi-Short
399,2018-10-22,Long,103.3634,Semi-Long,2018-10-23,101.8979,Semi-Short
400,2018-10-24,Long,102.5030,Semi-Long,2018-10-25,100.7444,Semi-Short
401,2018-10-26,Long,99.9312,Semi-Long,2018-10-29,102.2194,Semi-Short
402,2018-10-30,Long,98.0118,Semi-Long,2018-10-31,99.6948,Semi-Short
403,2018-11-01,Long,101.2171,Semi-Long,2018-11-02,100.6782,Semi-Short
404,2018-11-05,Long,100.5742,Semi-Long,2018-11-06,101.5291,Semi-Short
405,2018-11-07,Long,103.4769,Semi-Long,2018-11-08,105.7083,Semi-Short
406,2018-11-09,Long,104.8101,Semi-Long,2018-11-12,103.4580,Semi-Short
407,2018-11-13,Long,101.6899,Semi-Long,2018-11-14,102.6515,Semi-Short
408,2018-11-15,Long,99.6982,Semi-Long,2018-11-19,102.8129,Semi-Short
409,2018-11-20,Long,96.6690,Semi-Long,2018-11-21,98.3783,Semi-Short
410,2018-11-23,Short,97.0204,Short,2018-11-26,99.5083,Semi-Long
411,2018-11-27,Long,100.9137,Semi-Long,2018-11-28,102.4520,Semi-Short
412,2018-11-29,Long,104.7691,Semi-Long,2018-11-30,105.1204,Semi-Short
413,2018-12-03,Long,107.3045,Semi-Long,2018-12-06,100.4864,Semi-Short
414,2018-12-07,Long,102.9173,Semi-Long,2018-12-10,99.5178,Semi-Short
415,2018-12-11,Long,104.2658,Semi-Long,2018-12-12,105.3008,Semi-Short
416,2018-12-13,Long,104.0569,Semi-Long,2018-12-14,102.7939,Semi-Short
417,2018-12-17,Long,100.0970,Semi-Long,2018-12-18,98.5207,Semi-Short
418,2018-12-19,Short,98.4257,Short,2018-12-20,97.8560,Semi-Long
419,2018-12-21,Long,96.5076,Semi-Long,2018-12-24,92.7566,Semi-Short
420,2018-12-26,Long,90.3447,Semi-Long,2018-12-27,94.2950,Semi-Short
421,2018-12-28,Long,96.9444,Semi-Long,2018-12-31,96.1847,Semi-Short
422,2019-01-02,Long,94.5324,Semi-Long,2019-01-03,95.0547,Semi-Short
423,2019-01-04,Long,94.6938,Semi-Long,2019-01-07,96.5171,Semi-Short
424,2019-01-08,Long,97.8465,Semi-Long,2019-01-09,98.6252,Semi-Short
425,2019-01-10,Long,98.0174,Semi-Long,2019-01-11,97.9889,Semi-Short
426,2019-01-14,Long,96.7640,Semi-Long,2019-01-15,97.3432,Semi-Short
427,2019-01-16,Long,99.9546,Semi-Long,2019-01-17,99.7077,Semi-Short
428,2019-01-18,Long,102.0437,Long,2019-01-22,101.3695,Semi-Short
429,2019-01-23,Long,100.7713,Semi-Long,2019-01-24,101.4739,Semi-Short
430,2019-01-25,Long,101.8348,Semi-Long,2019-01-28,100.9042,Semi-Short
431,2019-01-29,Long,99.5937,Semi-Long,2019-01-30,99.3469,Semi-Short
432,2019-01-31,Long,98.5682,Semi-Long,2019-02-01,98.5492,Semi-Short
433,2019-02-04,Long,97.6851,Semi-Long,2019-02-05,100.7143,Semi-Short
434,2019-02-06,Long,101.6069,Semi-Long,2019-02-07,99.8881,Semi-Short
435,2019-02-08,Long,99.1284,Semi-Long,2019-02-11,100.8472,Semi-Short
436,2019-02-12,Long,100.7902,Semi-Long,2019-02-13,102.0817,Semi-Short
437,2019-02-14,Long,100.9517,Semi-Long,2019-02-15,102.4710,Semi-Short
438,2019-02-19,Long,102.3571,Semi-Long,2019-02-20,102.8610,Semi-Short
439,2019-02-21,Long,101.9455,Semi-Long,2019-02-22,104.9495,Semi-Short
440,2019-02-25,Long,106.5802,Semi-Long,2019-02-26,106.1034,Semi-Short
441,2019-02-27,Long,106.5135,Semi-Long,2019-02-28,106.8472,Semi-Short
442,2019-03-01,Long,107.6579,Semi-Long,2019-03-04,107.7818,Semi-Short
443,2019-03-05,Long,107.0475,Semi-Long,2019-03-06,106.6851,Semi-Short
444,2019-03-07,Long,106.2369,Semi-Long,2019-03-08,104.1007,Semi-Short
445,2019-03-11,Long,105.8459,Semi-Long,2019-03-12,107.5911,Semi-Short
446,2019-03-13,Long,108.8404,Semi-Long,2019-03-14,109.2314,Semi-Short
447,2019-03-15,Long,109.9943,Semi-Long,2019-03-18,110.7858,Semi-Short
448,2019-03-19,Long,112.6168,Semi-Long,2019-03-20,111.9493,Semi-Short
449,2019-03-21,Long,111.7109,Semi-Long,2019-03-22,113.9615,Semi-Short
450,2019-03-25,Long,111.1577,Semi-Long,2019-03-26,113.1223,Semi-Short
451,2019-03-27,Long,112.4166,Semi-Long,2019-03-28,111.9970,Semi-Short
452,2019-03-29,Long,112.5978,Semi-Long,2019-04-01,113.4370,Semi-Short
453,2019-04-02,Long,113.5419,Semi-Long,2019-04-03,114.3048,Semi-Short
454,2019-04-04,Long,114.5337,Semi-Long,2019-04-05,113.8566,Semi-Short
455,2019-04-08,Long,114.2571,Semi-Long,2019-04-09,113.1318,Semi-Short
456,2019-04-10,Long,114.2094,Semi-Long,2019-04-11,114.9533,Semi-Short
457,2019-04-12,Long,115.0487,Semi-Long,2019-04-15,115.3348,Semi-Short
458,2019-04-16,Long,116.0023,Semi-Long,2019-04-17,115.6209,Semi-Short
459,2019-04-18,Long,116.5268,Semi-Long,2019-04-22,116.9369,Semi-Short
460,2019-04-23,Long,118.3483,Semi-Long,2019-04-24,119.9600,Semi-Short
461,2019-04-25,Long,124.0321,Semi-Long,2019-04-26,123.6887,Semi-Short
462,2019-04-29,Long,123.8795,Semi-Long,2019-04-30,123.7936,Semi-Short
463,2019-05-01,Long,124.4803,Semi-Long,2019-05-02,122.0485,Semi-Short
464,2019-05-03,Long,121.4572,Semi-Long,2019-05-06,120.5322,Semi-Short
465,2019-05-07,Long,120.5989,Semi-Long,2019-05-08,119.6262,Semi-Short
466,2019-05-09,Long,118.5295,Semi-Long,2019-05-10,119.1207,Semi-Short
467,2019-05-13,Long,118.3578,Semi-Long,2019-05-14,118.1289,Semi-Short
468,2019-05-15,Long,118.9395,Semi-Long,2019-05-16,121.3229,Semi-Short
469,2019-05-17,Long,122.8161,Semi-Long,2019-05-20,121.1027,Semi-Short
470,2019-05-21,Long,121.9738,Semi-Long,2019-05-22,121.1985,Semi-Short
471,2019-05-23,Long,120.7965,Semi-Long,2019-05-24,121.4760,Semi-Short
472,2019-05-28,Long,121.5430,Semi-Long,2019-05-29,120.0116,Semi-Short
473,2019-05-30,Long,119.8967,Semi-Long,2019-05-31,118.9108,Semi-Short
474,2019-06-03,Short,118.5471,Short,2019-06-04,116.0871,Semi-Long
475,2019-06-05,Long,119.6000,Semi-Long,2019-06-06,121.0262,Semi-Short
476,2019-06-07,Long,123.6584,Semi-Long,2019-06-10,126.7310,Semi-Short
477,2019-06-11,Long,128.1476,Semi-Long,2019-06-13,126.3289,Semi-Short
478,2019-06-14,Long,126.5970,Semi-Long,2019-06-17,126.9511,Semi-Short
479,2019-06-18,Long,128.4444,Semi-Long,2019-06-19,129.2196,Semi-Short
480,2019-06-20,Long,131.5648,Semi-Long,2019-06-21,130.7320,Semi-Short
481,2019-06-24,Long,131.1340,Semi-Long,2019-06-25,131.3733,Semi-Short
482,2019-06-26,Long,128.5975,Semi-Long,2019-06-27,128.3965,Semi-Short
483,2019-06-28,Long,128.8081,Semi-Long,2019-07-01,130.7799,Semi-Short
484,2019-07-02,Long,130.2917,Semi-Long,2019-07-03,130.9426,Semi-Short
485,2019-07-05,Long,130.1194,Semi-Long,2019-07-08,130.5597,Semi-Short
486,2019-07-09,Long,130.1768,Semi-Long,2019-07-10,131.2585,Semi-Short
487,2019-07-11,Long,132.2826,Semi-Long,2019-07-12,132.9048,Semi-Short
488,2019-07-15,Long,133.4696,Semi-Long,2019-07-16,133.0101,Semi-Short
489,2019-07-17,Long,131.8041,Semi-Long,2019-07-18,129.7461,Semi-Short
490,2019-07-19,Long,134.2161,Semi-Long,2019-07-22,131.5265,Semi-Short
491,2019-07-23,Long,133.7758,Semi-Long,2019-07-24,132.9527,Semi-Short
492,2019-07-25,Long,134.4172,Semi-Long,2019-07-26,134.3597,Semi-Short
493,2019-07-29,Long,135.4414,Semi-Long,2019-07-30,134.1395,Semi-Short
494,2019-07-31,Long,134.3214,Semi-Long,2019-08-01,131.1341,Semi-Short
495,2019-08-02,Long,132.1773,Semi-Long,2019-08-05,127.5925,Semi-Short
496,2019-08-06,Long,128.0710,Semi-Long,2019-08-07,128.0614,Semi-Short
497,2019-08-08,Long,130.7512,Semi-Long,2019-08-09,132.6751,Semi-Short
498,2019-08-12,Short,131.2010,Short,2019-08-13,130.2247,Semi-Long
499,2019-08-14,Long,130.9560,Semi-Long,2019-08-15,129.0641,Semi-Short
500,2019-08-16,Long,129.5347,Semi-Long,2019-08-19,132.3870,Semi-Short
501,2019-08-20,Long,132.7328,Semi-Long,2019-08-21,133.0593,Semi-Short
502,2019-08-22,Long,133.1649,Semi-Long,2019-08-23,131.7532,Semi-Short
503,2019-08-26,Long,129.6404,Semi-Long,2019-08-27,130.9849,Semi-Short
504,2019-08-28,Long,129.5347,Semi-Long,2019-08-29,131.8108,Semi-Short
505,2019-08-30,Long,133.6355,Semi-Long,2019-09-03,131.1962,Semi-Short
506,2019-09-04,Long,131.8588,Semi-Long,2019-09-05,133.5971,Semi-Short
507,2019-09-06,Long,134.4807,Semi-Long,2019-09-10,131.3786,Semi-Short
508,2019-09-11,Long,130.5239,Semi-Long,2019-09-12,132.3870,Semi-Short
509,2019-09-13,Long,132.3198,Semi-Long,2019-09-16,130.4471,Semi-Short
510,2019-09-17,Long,131.5323,Semi-Long,2019-09-18,131.9164,Semi-Short
511,2019-09-19,Long,134.7399,Semi-Long,2019-09-20,135.4218,Semi-Short
512,2019-09-23,Long,133.7123,Semi-Long,2019-09-24,134.7976,Semi-Short
513,2019-09-25,Long,132.0509,Semi-Long,2019-09-26,133.9140,Semi-Short
514,2019-09-27,Long,134.5959,Semi-Long,2019-09-30,132.5791,Semi-Short
515,2019-10-01,Long,134.1253,Semi-Long,2019-10-02,130.8504,Semi-Short
516,2019-10-03,Long,129.6019,Semi-Long,2019-10-04,131.3306,Semi-Short
517,2019-10-07,Long,131.7052,Semi-Long,2019-10-08,131.6475,Semi-Short
518,2019-10-09,Short,132.0124,Short,2019-10-10,133.0017,Semi-Long
519,2019-10-11,Long,134.5671,Semi-Long,2019-10-14,134.1541,Semi-Short
520,2019-10-15,Long,134.5094,Semi-Long,2019-10-16,135.2105,Semi-Short
521,2019-10-17,Long,135.3642,Long,2019-10-18,134.2213,Semi-Short
522,2019-10-21,Long,132.9632,Semi-Long,2019-10-22,133.4626,Semi-Short
523,2019-10-23,Long,131.4555,Semi-Long,2019-10-24,133.8660,Semi-Short
524,2019-10-25,Long,133.8180,Semi-Long,2019-10-28,138.6775,Semi-Short
525,2019-10-29,Long,138.3701,Semi-Long,2019-10-30,137.8323,Semi-Short
526,2019-10-31,Long,139.1576,Semi-Long,2019-11-01,138.5430,Semi-Short
527,2019-11-04,Long,139.0904,Semi-Long,2019-11-05,139.2248,Semi-Short
528,2019-11-06,Long,138.6486,Semi-Long,2019-11-07,138.1396,Semi-Short
529,2019-11-08,Long,138.2741,Semi-Long,2019-11-11,139.5802,Semi-Short
530,2019-11-12,Long,140.4829,Semi-Long,2019-11-13,140.9247,Semi-Short
531,2019-11-14,Long,141.1936,Semi-Long,2019-11-15,143.0279,Semi-Short
532,2019-11-18,Long,144.1228,Semi-Long,2019-11-19,144.9006,Semi-Short
533,2019-11-20,Long,144.8444,Semi-Long,2019-11-21,143.9675,Semi-Short
534,2019-11-22,Long,144.6131,Semi-Long,2019-11-25,144.5457,Semi-Short
535,2019-11-26,Long,145.8562,Semi-Long,2019-11-27,146.7910,Semi-Short
536,2019-11-29,Long,146.5693,Semi-Long,2019-12-02,146.2899,Semi-Short
537,2019-12-03,Long,142.1270,Semi-Long,2019-12-04,144.6806,Semi-Short
538,2019-12-05,Long,144.5939,Semi-Long,2019-12-06,145.4997,Semi-Short
539,2019-12-09,Long,145.5768,Semi-Long,2019-12-10,145.7888,Semi-Short
540,2019-12-11,Long,146.0297,Semi-Long,2019-12-12,146.1357,Semi-Short
541,2019-12-13,Long,147.4366,Semi-Long,2019-12-16,149.4699,Semi-Short
542,2019-12-17,Long,149.7975,Semi-Long,2019-12-18,148.6893,Semi-Short
543,2019-12-19,Long,148.4002,Semi-Long,2019-12-20,151.6284,Semi-Short
544,2019-12-23,Long,152.3704,Semi-Long,2019-12-24,151.7537,Semi-Short
545,2019-12-26,Long,151.8308,Semi-Long,2019-12-27,153.6520,Semi-Short
546,2019-12-30,Long,153.2088,Semi-Long,2019-12-31,151.0695,Semi-Short
547,2020-01-02,Long,153.0065,Semi-Long,2020-01-03,152.5632,Semi-Short
548,2020-01-06,Long,151.3683,Semi-Long,2020-01-07,153.5268,Semi-Short
549,2020-01-08,Long,153.1510,Semi-Long,2020-01-09,155.9552,Semi-Short
550,2020-01-10,Long,156.8995,Semi-Long,2020-01-13,155.8781,Semi-Short
551,2020-01-14,Long,157.4488,Semi-Long,2020-01-15,156.7068,Semi-Short
552,2020-01-16,Long,158.3739,Semi-Long,2020-01-17,161.3323,Semi-Short
553,2020-01-21,Long,160.6192,Semi-Long,2020-01-22,161.3130,Semi-Short
554,2020-01-23,Long,160.1470,Semi-Long,2020-01-24,161.4190,Semi-Short
555,2020-01-27,Long,155.2903,Semi-Long,2020-01-28,157.8246,Semi-Short
556,2020-01-29,Long,161.7369,Semi-Long,2020-01-30,167.7212,Semi-Short
557,2020-01-31,Long,165.9481,Semi-Long,2020-02-03,164.2328,Semi-Short
558,2020-02-04,Long,170.6988,Semi-Long,2020-02-05,177.3383,Semi-Short
559,2020-02-06,Long,174.3895,Semi-Long,2020-02-07,176.2012,Semi-Short
560,2020-02-10,Long,176.9046,Semi-Long,2020-02-11,183.7176,Semi-Short
561,2020-02-12,Long,178.8319,Semi-Long,2020-02-13,176.4229,Semi-Short
562,2020-02-14,Long,176.5867,Semi-Long,2020-02-18,178.8609,Semi-Short
563,2020-02-19,Long,181.7168,Semi-Long,2020-02-20,180.6442,Semi-Short
564,2020-02-21,Long,176.9917,Semi-Long,2020-02-24,162.1111,Semi-Short
565,2020-02-25,Long,168.3242,Semi-Long,2020-02-26,163.9857,Semi-Short
566,2020-02-27,Long,157.8112,Semi-Long,2020-02-28,147.2692,Semi-Short
567,2020-03-02,Long,159.7341,Semi-Long,2020-03-03,167.9377,Short
568,2020-03-04,Long,162.8068,Semi-Long,2020-03-05,160.4491,Semi-Short
569,2020-03-06,Long,157.1252,Semi-Long,2020-03-09,145.9068,Semi-Short
570,2020-03-10,Long,152.8253,Semi-Long,2020-03-11,151.8300,Semi-Short
571,2020-03-12,Long,140.3991,Semi-Long,2020-03-13,142.5248,Semi-Short
572,2020-03-16,Long,135.2778,Semi-Long,2020-03-17,135.2778,Semi-Short
573,2020-03-18,Long,133.3453,Semi-Long,2020-03-19,137.9544,Semi-Short
574,2020-03-20,Long,141.0754,Semi-Long,2020-03-23,132.3886,Semi-Short
575,2020-03-24,Long,138.9013,Semi-Long,2020-03-25,143.8873,Semi-Short
576,2020-03-26,Long,143.3945,Semi-Long,2020-03-27,146.6315,Semi-Short
577,2020-03-30,Long,147.2982,Semi-Long,2020-03-31,154.0234,Semi-Short
578,2020-04-01,Long,147.8393,Semi-Long,2020-04-02,146.7378,Semi-Short
579,2020-04-03,Long,149.8685,Semi-Long,2020-04-06,154.9124,Semi-Short
580,2020-04-07,Long,163.8697,Semi-Long,2020-04-09,160.7487,Semi-Short
581,2020-04-13,Long,158.8065,Semi-Long,2020-04-14,163.2997,Semi-Short
582,2020-04-15,Long,165.4254,Semi-Long,2020-04-16,168.4209,Semi-Short
583,2020-04-17,Long,173.4455,Semi-Long,2020-04-20,170.6722,Semi-Short
584,2020-04-21,Long,167.6478,Semi-Long,2020-04-22,165.6090,Semi-Short
585,2020-04-23,Long,168.2372,Semi-Long,2020-04-24,166.2564,Semi-Short
586,2020-04-27,Long,170.6336,Semi-Long,2020-04-28,169.6673,Semi-Short
587,2020-04-29,Long,167.3773,Semi-Long,2020-04-30,173.9286,Semi-Short
588,2020-05-01,Long,169.8703,Semi-Long,2020-05-04,168.6045,Semi-Short
589,2020-05-05,Long,174.5277,Semi-Long,2020-05-06,175.9385,Semi-Short
590,2020-05-07,Long,177.9579,Semi-Long,2020-05-08,178.7407,Semi-Short
591,2020-05-11,Long,176.9724,Semi-Long,2020-05-12,180.4992,Semi-Short
592,2020-05-13,Long,176.3926,Semi-Long,2020-05-14,171.5516,Semi-Short
593,2020-05-15,Long,173.0203,Semi-Long,2020-05-18,179.4847,Semi-Short
594,2020-05-19,Long,178.7889,Semi-Long,2020-05-20,179.0737,Semi-Short
595,2020-05-21,Long,179.6454,Semi-Long,2020-05-22,177.5040,Semi-Short
596,2020-05-26,Long,180.5562,Semi-Long,2020-05-27,174.6068,Semi-Short
597,2020-05-28,Long,175.1301,Semi-Long,2020-05-29,177.0583,Semi-Short
598,2020-06-01,Long,176.8741,Semi-Long,2020-06-02,178.5311,Semi-Short
599,2020-06-03,Long,179.0834,Semi-Long,2020-06-04,178.5795,Semi-Short
600,2020-06-05,Long,176.9517,Semi-Long,2020-06-08,180.1686,Semi-Short
601,2020-06-09,Long,182.1647,Semi-Long,2020-06-10,185.1976,Semi-Short
602,2020-06-11,Long,187.1355,Semi-Long,2020-06-12,184.6258,Semi-Short
603,2020-06-15,Long,178.8509,Semi-Long,2020-06-16,186.9029,Semi-Short
604,2020-06-17,Long,188.9765,Semi-Long,2020-06-18,187.9785,Semi-Short
605,2020-06-19,Long,192.4260,Semi-Long,2020-06-22,189.7129,Semi-Short
606,2020-06-23,Long,195.8174,Semi-Long,2020-06-24,195.3426,Semi-Short
607,2020-06-25,Long,191.6605,Semi-Long,2020-06-26,193.5306,Semi-Short
608,2020-06-29,Long,189.7032,Semi-Long,2020-06-30,191.7380,Semi-Short
609,2020-07-01,Long,196.8348,Semi-Long,2020-07-02,199.2959,Semi-Short
610,2020-07-06,Long,202.3482,Semi-Long,2020-07-07,203.9179,Semi-Short
611,2020-07-08,Long,203.5497,Semi-Long,2020-07-09,209.6154,Semi-Short
612,2020-07-10,Long,206.9895,Semi-Long,2020-07-13,207.8228,Semi-Short
613,2020-07-14,Long,199.7320,Semi-Long,2020-07-15,203.0555,Semi-Short
614,2020-07-16,Long,199.0246,Semi-Long,2020-07-17,198.1235,Semi-Short
615,2020-07-20,Long,198.6371,Semi-Long,2020-07-21,207.0282,Semi-Short
616,2020-07-22,Long,202.7067,Semi-Long,2020-07-23,200.7591,Semi-Short
617,2020-07-24,Long,194.1992,Semi-Long,2020-07-27,195.2166,Semi-Short
618,2020-07-28,Long,197.2902,Semi-Long,2020-07-29,196.2146,Semi-Short
619,2020-07-30,Long,194.7612,Semi-Long,2020-07-31,198.0556,Semi-Short
620,2020-08-03,Long,204.9547,Semi-Long,2020-08-04,207.5224,Semi-Short
621,2020-08-05,Long,208.2298,Semi-Long,2020-08-06,205.7492,Semi-Short
622,2020-08-07,Long,208.1813,Semi-Long,2020-08-10,205.1000,Semi-Short
623,2020-08-11,Long,200.7300,Semi-Long,2020-08-12,198.9180,Semi-Short
624,2020-08-13,Long,202.9392,Semi-Long,2020-08-14,202.2803,Semi-Short
625,2020-08-17,Long,203.0942,Semi-Long,2020-08-18,203.9954,Semi-Short
626,2020-08-19,Long,205.4210,Semi-Long,2020-08-20,203.5269,Semi-Short
627,2020-08-21,Long,207.7229,Semi-Long,2020-08-24,208.6263,Semi-Short
628,2020-08-25,Long,206.9848,Semi-Long,2020-08-26,211.6276,Semi-Short
629,2020-08-27,Long,216.4938,Semi-Long,2020-08-28,221.6320,Semi-Short
630,2020-08-31,Long,220.4858,Semi-Long,2020-09-01,219.0387,Semi-Short
631,2020-09-02,Long,221.4280,Semi-Long,2020-09-03,222.6908,Semi-Short
632,2020-09-04,Long,208.9274,Semi-Long,2020-09-08,200.5742,Semi-Short
633,2020-09-09,Long,201.6426,Semi-Long,2020-09-10,207.2762,Semi-Short
634,2020-09-11,Long,201.2540,Semi-Long,2020-09-14,198.3790,Semi-Short
635,2020-09-15,Long,202.4390,Semi-Long,2020-09-16,204.5759,Short
636,2020-09-17,Long,194.3093,Semi-Long,2020-09-18,196.9803,Semi-Short
637,2020-09-21,Long,191.5313,Semi-Long,2020-09-22,199.1755,Semi-Short
638,2020-09-23,Long,201.9340,Semi-Long,2020-09-24,194.1150,Semi-Short
639,2020-09-25,Long,197.7088,Semi-Long,2020-09-28,204.8285,Semi-Short
640,2020-09-29,Long,203.3424,Semi-Long,2020-09-30,201.7689,Semi-Short
641,2020-10-01,Long,207.3636,Semi-Long,2020-10-02,202.0311,Semi-Short
642,2020-10-05,Long,201.2735,Semi-Long,2020-10-06,202.8276,Semi-Short
643,2020-10-07,Long,201.1181,Semi-Long,2020-10-08,204.4691,Semi-Short
644,2020-10-09,Long,205.1684,Semi-Long,2020-10-12,212.5115,Semi-Short
645,2020-10-13,Long,216.3287,Long,2020-10-14,216.6007,Semi-Short
646,2020-10-15,Long,210.8700,Semi-Long,2020-10-16,213.8325,Semi-Short
647,2020-10-19,Long,214.0947,Semi-Long,2020-10-20,209.6073,Semi-Short
648,2020-10-21,Long,207.0042,Semi-Long,2020-10-22,207.7910,Semi-Short
649,2020-10-23,Long,208.8594,Semi-Long,2020-10-26,207.7133,Semi-Short
650,2020-10-27,Long,205.5181,Semi-Long,2020-10-28,201.7106,Semi-Short
651,2020-10-29,Long,198.2139,Semi-Long,2020-10-30,197.6602,Semi-Short
652,2020-11-02,Short,198.4276,Short,2020-11-03,198.0390,Semi-Long
653,2020-11-04,Long,207.8784,Semi-Long,2020-11-05,215.6682,Semi-Short
654,2020-11-06,Long,215.8819,Semi-Long,2020-11-09,217.9993,Semi-Short
655,2020-11-10,Long,208.3446,Semi-Long,2020-11-11,206.2951,Semi-Short
656,2020-11-12,Long,210.9768,Semi-Long,2020-11-16,208.7040,Semi-Short
657,2020-11-17,Long,209.8987,Semi-Long,2020-11-18,208.0623,Semi-Short
658,2020-11-19,Long,205.8516,Semi-Long,2020-11-20,206.6502,Semi-Short
659,2020-11-23,Long,205.4329,Semi-Long,2020-11-24,204.1085,Short
660,2020-11-25,Long,209.4841,Long,2020-11-27,209.2309,Semi-Short
661,2020-11-30,Long,208.5005,Semi-Long,2020-12-01,208.8998,Semi-Short
662,2020-12-02,Long,209.2601,Semi-Long,2020-12-03,208.9972,Semi-Short
663,2020-12-04,Long,208.6174,Semi-Long,2020-12-07,208.7634,Semi-Short
664,2020-12-08,Long,208.3739,Semi-Long,2020-12-09,209.5328,Semi-Short
665,2020-12-10,Long,206.2315,Semi-Long,2020-12-11,204.5564,Semi-Short
666,2020-12-14,Long,207.5267,Semi-Long,2020-12-15,209.5425,Semi-Short
667,2020-12-16,Short,209.1335,Short,2020-12-17,214.1196,Semi-Long
668,2020-12-18,Long,212.8731,Semi-Long,2020-12-22,216.8658,Semi-Short
669,2020-12-23,Long,217.2749,Semi-Long,2020-12-24,215.6291,Semi-Short
670,2020-12-28,Long,218.5798,Semi-Long,2020-12-29,220.3912,Semi-Short
671,2020-12-30,Long,219.3394,Semi-Long,2020-12-31,215.9017,Semi-Short
672,2021-01-04,Long,216.7100,Semi-Long,2021-01-05,211.5778,Semi-Short
673,2021-01-06,Long,206.6210,Semi-Long,2021-01-07,208.4421,Semi-Short
674,2021-01-08,Long,212.9607,Semi-Long,2021-01-11,212.7562,Semi-Short
675,2021-01-12,Long,210.8378,Semi-Long,2021-01-13,208.4226,Semi-Short
676,2021-01-14,Long,210.2632,Semi-Long,2021-01-15,207.9357,Short
677,2021-01-19,Long,208.1597,Semi-Long,2021-01-20,212.0064,Semi-Short
678,2021-01-21,Long,218.8233,Semi-Long,2021-01-22,221.1410,Semi-Short
679,2021-01-25,Long,223.1277,Long,2021-01-26,225.7960,Semi-Short
680,2021-01-27,Long,231.7754,Semi-Long,2021-01-28,229.4479,Semi-Short
681,2021-01-29,Long,229.8180,Semi-Long,2021-02-01,228.9123,Semi-Short
682,2021-02-02,Long,234.9891,Semi-Long,2021-02-03,233.3044,Semi-Short
683,2021-02-04,Long,236.3136,Semi-Long,2021-02-05,235.8948,Semi-Short
684,2021-02-08,Long,236.7907,Semi-Long,2021-02-09,235.5442,Semi-Short
685,2021-02-10,Long,238.5924,Semi-Long,2021-02-11,238.3781,Semi-Short
686,2021-02-12,Long,237.5503,Semi-Long,2021-02-16,238.6216,Semi-Short
687,2021-02-17,Long,235.5499,Semi-Long,2021-02-18,236.0184,Semi-Short
688,2021-02-19,Long,237.9217,Semi-Long,2021-02-22,231.7431,Semi-Short
689,2021-02-23,Long,224.8226,Semi-Long,2021-02-24,224.5103,Semi-Short
690,2021-02-25,Long,226.5308,Semi-Long,2021-02-26,225.9939,Semi-Short
691,2021-03-01,Long,230.2595,Semi-Long,2021-03-02,231.3429,Semi-Short
692,2021-03-03,Long,226.6089,Semi-Long,2021-03-04,221.3185,Short
693,2021-03-05,Long,224.0320,Semi-Long,2021-03-08,225.8378,Semi-Short
694,2021-03-09,Long,227.3117,Semi-Long,2021-03-10,231.3332,Semi-Short
695,2021-03-11,Long,229.3420,Semi-Long,2021-03-12,228.4147,Semi-Short
696,2021-03-15,Long,229.3419,Semi-Long,2021-03-16,230.6304,Semi-Short
697,2021-03-17,Long,230.5035,Semi-Long,2021-03-18,226.9993,Semi-Short
698,2021-03-19,Long,225.4962,Semi-Long,2021-03-22,224.7641,Semi-Short
699,2021-03-23,Long,231.8114,Semi-Long,2021-03-24,232.1628,Semi-Short
700,2021-03-25,Long,229.6738,Semi-Long,2021-03-26,226.0135,Semi-Short
701,2021-03-29,Long,230.9330,Semi-Long,2021-03-31,227.3410,Short
702,2021-04-01,Long,232.7680,Long,2021-04-05,236.9554,Semi-Short
703,2021-04-06,Long,241.6895,Semi-Long,2021-04-07,241.8847,Semi-Short
704,2021-04-08,Long,246.7261,Semi-Long,2021-04-09,246.8237,Semi-Short
705,2021-04-12,Long,248.6197,Semi-Long,2021-04-13,251.1088,Semi-Short
706,2021-04-14,Long,251.3235,Semi-Long,2021-04-15,251.7627,Semi-Short
707,2021-04-16,Long,253.2659,Semi-Long,2021-04-19,253.9687,Semi-Short
708,2021-04-20,Long,251.6554,Semi-Long,2021-04-21,252.7486,Semi-Short
709,2021-04-22,Long,253.9882,Semi-Long,2021-04-23,251.7139,Semi-Short
710,2021-04-26,Long,255.4035,Semi-Long,2021-04-27,255.3254,Semi-Short
711,2021-04-28,Long,249.9569,Semi-Long,2021-04-29,249.3518,Semi-Short
712,2021-04-30,Long,243.7685,Semi-Long,2021-05-03,247.3410,Semi-Short
713,2021-05-04,Long,244.9691,Semi-Long,2021-05-05,243.1048,Semi-Short
714,2021-05-06,Long,240.5572,Semi-Long,2021-05-07,246.1209,Semi-Short
715,2021-05-10,Long,244.8715,Semi-Long,2021-05-11,238.7027,Short
716,2021-05-12,Long,236.3795,Semi-Long,2021-05-13,236.0184,Semi-Short
717,2021-05-14,Long,239.7080,Semi-Long,2021-05-17,240.6548,Semi-Short
718,2021-05-18,Long,240.3815,Semi-Long,2021-05-19,234.1273,Semi-Short
719,2021-05-20,Long,238.6766,Semi-Long,2021-05-21,242.2084,Semi-Short
720,2021-05-24,Long,242.4237,Semi-Long,2021-05-25,246.3175,Semi-Short
721,2021-05-26,Long,245.9848,Semi-Long,2021-05-27,245.7305,Semi-Short
722,2021-05-28,Long,245.5642,Semi-Long,2021-06-01,245.7892,Semi-Short
723,2021-06-02,Long,242.7563,Semi-Long,2021-06-03,239.9093,Semi-Short
724,2021-06-04,Long,242.3943,Semi-Long,2021-06-07,244.5662,Semi-Short
725,2021-06-08,Long,249.6340,Long,2021-06-09,248.3133,Semi-Short
726,2021-06-10,Long,248.7829,Semi-Long,2021-06-11,252.4028,Semi-Short
727,2021-06-14,Long,252.3147,Semi-Long,2021-06-15,254.1442,Semi-Short
728,2021-06-16,Long,253.7822,Semi-Long,2021-06-17,250.5244,Semi-Short
729,2021-06-18,Long,254.0073,Semi-Long,2021-06-21,254.1931,Semi-Short
730,2021-06-22,Long,257.0303,Semi-Long,2021-06-23,260.2295,Semi-Short
731,2021-06-24,Long,260.3958,Semi-Long,2021-06-25,260.4643,Semi-Short
732,2021-06-28,Long,260.4252,Semi-Long,2021-06-29,263.0471,Semi-Short
